employee_id,name,gender,age,country,state,department,salary,joining_date,experience_years,performance_score,email,phone_number
1,Katrina Riley,Male,51,UK,South Allisonmouth,Marketing,97018,2020-04-30,5,3.88,becky87@gmail.com,326-034-8112
2,Divij Raja,Other,60,UK,Bhilwara,Marketing,83808,2016-05-25,2,4.57,lagan10@krishnan-swamy.info,07045303968
3,Ivana Divan,Male,29,India,Rajasthan,Marketing,160911,2019-10-24,11,2.52,gargdarshit@hotmail.com,1654209912
4,Miss Margaret Lucas,Other,24,India,Maharashtra,HR,244675,2022-12-01,7,4.53,howarddale@yahoo.co.uk,+44121 4960026
5,Ms Kathleen Turner,Other,34,UK,Hallstad,Sales,114263,2016-09-15,16,2.67,tmistry@gould-ali.com,0292018628
6,Divyansh Sabharwal,Male,35,India,Karnataka,IT,194621,2016-08-17,18,4.71,bobalvedika@yahoo.com,6420526167
7,Levi Mason,Male,24,India,Tamil Nadu,Marketing,153641,2025-04-08,18,3.73,joshuazimmerman@yahoo.com,2850212338
8,Dr Terry Knight,Female,27,India,Rajasthan,Finance,246545,2018-12-31,2,4.27,joanneyates@outlook.com,0141 496 0554
9,Brittney Daugherty,Female,32,UK,Lake Kaylabury,Operations,202992,2024-06-03,17,3.51,smithjacqueline@hotmail.com,(765)394-8138x3097
10,Taylor Smith,Female,24,UK,Kristinmouth,IT,58293,2017-04-20,18,4.79,kristensimmons@fields.org.au,+61.7.8093.7835
11,Michael Cole,Male,41,USA,Susanport,Operations,84884,2019-05-12,8,4.05,brandy04@davenport-baxter.com,5534993617
12,Chloe Knight-Richards,Male,55,USA,North Sian,Operations,46994,2023-06-07,8,2.6,max47@oliver-lane.net,+44114 4960613
13,Jeffrey Franklin,Female,43,USA,Marshallton,Operations,111676,2021-03-22,1,2.8,tara18@hotmail.com.au,+61737084979
14,Lydia Robinson,Female,36,USA,East Victoriashire,HR,52847,2018-10-14,11,4.82,teresafisher@stevens.com,+441514960881
15,Jacob Walter,Female,35,Australia,Aprilfort,Admin,71181,2022-08-21,10,4.69,jessethompson@dixon-barrett.org.au,0461-883-553
16,Lindsay Lynch,Other,38,Australia,Lake Cassandraview,Operations,111701,2021-01-05,7,3.64,stacymartin@lewis.com,899.951.7064x514
17,Chirag Bora,Other,32,USA,Gudivada,HR,161452,2016-03-07,7,3.59,pkhurana@yahoo.com,00754552538
18,Bhamini Ramaswamy,Female,40,India,Tamil Nadu,Admin,50773,2018-06-16,12,2.62,elakshi43@hotmail.com,7919808047
19,Vincent Bates,Male,45,India,Maharashtra,IT,162798,2017-12-29,5,4.84,gilbertjoel@outlook.com,+441214960599
20,Mohammad Hall,Male,33,Australia,Wardborough,Marketing,244619,2019-06-03,9,3.51,liam51@yahoo.com,0191 4960818
21,Jeremy Valdez,Female,43,India,Rajasthan,Sales,197091,2025-07-25,6,3.04,glara@sheppard-hendrix.net.au,+61 8 8098 6822
22,Michael Hodges,Other,25,UK,Doughertystad,Marketing,213817,2024-02-24,14,3.93,rodneyhayes@santos.com,(370)721-7406
23,Ivana Vyas,Female,21,USA,Arrah,IT,213085,2020-05-03,17,2.87,ckade@yahoo.com,+912090819372
24,Joseph Braun,Female,43,UK,Ginaville,Operations,160086,2015-12-05,1,3.85,millershirley@hotmail.com,+1-705-806-6213x619
25,Kathleen Townsend,Other,54,Australia,Janetshire,HR,133532,2024-04-04,3,3.78,kim46@outlook.com,(0909) 8790988
26,Anshika Patel,Other,32,India,Delhi,HR,42831,2018-09-04,4,4.64,isanchez@carter.org.au,+61 7 6535 3363
27,Alexandria Braun,Other,48,India,West Bengal,Operations,187748,2021-11-29,18,3.91,amy68@hancock.info,71011193
28,Nicholas Edwards,Male,53,India,Gujarat,IT,196489,2024-06-06,2,4.62,ahmedbeth@tucker.com,+44116 496 0914
29,Julie Thomas,Other,52,India,Gujarat,Marketing,122362,2020-10-01,11,4.29,joseph46@yahoo.com,+61.477.780.596
30,David Holt,Female,56,USA,Matthewchester,Sales,133404,2017-01-06,10,2.89,patricia31@gmail.com,0403.866.869
31,Angela Jarvis,Other,33,USA,Jessicaport,IT,101937,2023-01-06,5,4.98,michelle97@yahoo.com,878-526-2156
32,Gabriel West,Female,50,UK,Lake Kelseymouth,Operations,172628,2017-03-31,15,3.57,howetiffany@hotmail.com,538-975-6704
33,Derrick Gibson,Female,34,UK,Hallview,IT,186229,2018-03-07,7,3.63,coreyconley@hotmail.com,(291)226-4180x6433
34,Sylvia Smith,Other,21,UK,Jamiemouth,Marketing,229732,2024-02-17,7,2.82,pearsonjodie@outlook.com,020 74960243
35,Cheryl Huff,Male,43,Australia,Jasonland,IT,169932,2017-11-18,5,3.96,sgutierrez@yahoo.com.au,03 6765 2141
36,Mary Newman,Other,34,India,Karnataka,HR,75854,2022-05-02,3,3.68,victoria28@martinez.com,0431 938 509
37,Taran Rattan,Female,52,USA,Kota,Marketing,175908,2024-01-31,13,4.12,mamooty04@hotmail.com,5430808003
38,Emily Mccann,Female,57,India,West Bengal,Finance,238562,2020-09-22,10,4.04,jpadilla@haas.net.au,+61-2-2439-6374
39,Robert Mendoza,Male,60,India,Gujarat,IT,120030,2020-02-23,6,3.95,jamesarmstrong@gmail.com,+61304544019
40,Clive Lamb,Female,46,Australia,Brettshire,Finance,224579,2022-02-13,9,4.43,brookshannah@hotmail.com,+44(0)28 9018 0557
41,Marissa Ross MD,Female,36,India,Gujarat,Sales,52263,2024-09-12,3,2.88,seanvelasquez@hotmail.com,(242)967-9783x0957
42,Laurie Thomas,Male,29,USA,Bassside,Marketing,89185,2023-06-10,2,3.45,iknight@hotmail.com,624.711.1007
43,David Randall,Other,52,UK,North Angela,HR,131428,2017-11-05,4,3.46,drewperkins@smith.info,0926 7738
44,Saanvi Bose,Female,52,USA,Sonipat,Finance,219349,2021-03-13,12,4.58,hayermadhav@yahoo.com,04812475301
45,Brooke Peterson,Other,34,India,Rajasthan,Admin,169176,2020-11-16,0,2.55,kevin32@mcdaniel.com,+1-345-121-0773
46,Geraldine Smith,Male,46,UK,North Vincenthaven,Sales,199789,2016-06-30,14,4.91,lewisakhtar@wright.info,+44(0)9098790753
47,Andrew Clark,Female,39,Australia,Jonesshire,IT,205519,2017-06-17,4,4.38,melissapruitt@garcia-gonzales.biz,639.275.8523x684
48,Robert Stafford,Other,48,UK,Gregoryhaven,IT,95309,2017-07-28,13,3.46,barbara69@gmail.com,0444.442.152
49,Kevin Perkins-Jones,Other,46,India,Delhi,IT,113619,2023-07-08,0,3.95,fiona83@brookes-boyle.org,+44114 496 0724
50,Seth Adkins,Female,38,USA,Chavezview,Finance,243742,2018-05-13,15,3.17,morenodavid@gmail.com,+1-405-748-7996x864
51,Frances Mann,Male,42,Australia,Daveybury,Admin,48659,2019-08-17,16,3.91,dmatthews@morrison-burke.com,(0114)4960923
52,Dr Phillip Cooper,Other,58,Australia,Wilsonhaven,HR,82544,2018-12-24,3,4.09,howard63@yahoo.co.uk,(0115) 496 0625
53,Kavya Sahni,Female,37,UK,Bhusawal,HR,81168,2021-09-18,16,3.51,khuranashaan@bobal.com,04331951938
54,Victor Brown,Female,25,USA,Port Elizabeth,HR,91564,2016-11-30,19,4.5,rhunt@short.com,+44(0)131 496 0550
55,Divij Doctor,Male,38,USA,Thane,Marketing,185894,2020-04-30,15,4.64,ehsaanchoudhary@verma-gala.com,08835886319
56,Nyraa Sharma,Other,52,UK,Kharagpur,Marketing,151930,2024-12-27,11,4.09,nyara@bobal.com,+915025895859
57,Bethan Williamson,Other,25,USA,North Elliotberg,Admin,214719,2020-12-01,18,3.0,zoejackson@yahoo.com,0141 4960758
58,Ashley Johnston,Other,39,UK,Kaylaberg,HR,84166,2022-04-16,7,4.01,miguelsantiago@cole-scott.net,924-752-1492
59,Douglas Murray,Other,50,UK,South Janeside,Sales,155137,2023-04-10,1,2.75,davisjenna@yahoo.co.uk,028 9018182
60,Chelsea Welch-Riley,Male,33,India,Delhi,Finance,151596,2021-08-28,17,4.14,millerluke@james.com,+44(0)8081570847
61,Jessica Villa,Male,55,UK,Charleshaven,Marketing,83943,2022-07-09,16,4.03,davenportchristopher@hotmail.com,(818)970-0142
62,Leroy Estrada,Male,45,UK,Port Debbie,Finance,215052,2020-11-27,18,2.78,xjones@williams.com,151-995-5602
63,Larry Powers,Other,55,Australia,West Johnville,Finance,112101,2017-10-04,5,3.05,morganlopez@yahoo.com.au,(07).5834.7095
64,Kerry Park,Other,26,India,Karnataka,IT,91942,2023-08-12,18,3.11,ibarnes@gmail.com,(703)941-9962
65,Brandon Barnett,Female,59,UK,East Christianview,Finance,215646,2022-10-13,20,4.43,katie79@yahoo.co.uk,0141 496 0262
66,Julie Joseph,Female,51,India,Maharashtra,Sales,175312,2016-02-27,14,4.78,jenniferkelly@hotmail.com.au,5863.2535
67,Kathleen Allen,Female,44,Australia,Lake Emily,Sales,209054,2017-10-04,10,3.76,teresa74@gmail.com,001-609-319-8250x0518
68,June Moore,Male,22,India,Tamil Nadu,HR,148678,2024-07-01,5,2.83,ronaldlewis@yahoo.com,028 9018163
69,Gina Wolfe,Female,35,Australia,Annebury,HR,69943,2021-05-05,18,4.97,nicole57@romero.biz,(02) 4105 5377
70,Wanda Mccall,Other,52,USA,St. William,Sales,155458,2024-10-17,5,4.93,stacey74@boyd-robinson.net.au,8270.1941
71,Summer Barker,Male,39,UK,Clinehaven,Sales,152220,2025-07-29,9,4.55,shermantony@robinson-acosta.info,233-623-3150x0238
72,Khushi Krishna,Female,47,USA,Bongaigaon,Admin,45162,2023-12-14,20,3.65,desamiha@gmail.com,00859784708
73,Ishita Chandran,Other,55,Australia,Kozhikode,Admin,58509,2016-01-07,20,2.83,chawladrishya@mall-sant.com,07874992151
74,Henry Conway,Other,47,India,Maharashtra,IT,40007,2018-09-21,14,4.4,matthewsgordon@yahoo.com,+44(0)1632 960945
75,Bradley Richards,Male,45,USA,Taylorchester,Sales,234419,2024-03-25,8,3.3,jessica79@decker.com,001-099-470-9851x81692
76,Edward Brown,Male,50,USA,Lauraburgh,Admin,132842,2024-06-12,10,4.23,peter17@hotmail.com,462.354.3509
77,Renee Kanda,Female,43,India,Gujarat,HR,194395,2018-01-11,17,3.46,rwagle@gmail.com,01368492806
78,Suzanne Gilbert-Thompson,Female,50,India,Delhi,IT,214145,2018-04-05,18,4.82,richardsamanda@hotmail.com,(028) 9018197
79,Joseph Payne,Male,22,USA,Sarahtown,Sales,99975,2019-06-08,18,2.86,meghangarcia@yahoo.com,9972 2994
80,Natalie Wilson,Female,33,USA,Lake Joshuashire,HR,50871,2020-10-23,14,4.86,courtney53@martin.edu,+61-496-827-641
81,Jeremy Weiss,Other,25,India,Karnataka,Sales,58871,2021-07-15,20,3.27,jessicaparker@wagner.biz,+1-106-872-3328x9405
82,Antonio Dixon,Other,24,USA,Port Dustinport,Finance,207432,2021-09-01,14,4.05,heathertaylor@walls.info,+1-640-051-1388x309
83,Christine Lopez,Male,44,Australia,East David,Operations,222712,2017-11-05,0,4.1,heatherjohnson@willis-reed.com,8480368406
84,Amelia Yates-Smith,Female,51,UK,Gerardfurt,Sales,41476,2023-12-21,14,4.04,tomshepherd@bishop.biz,(0117) 496 0049
85,Charlene Clarke-Shah,Male,42,Australia,Jamesburgh,Finance,106206,2022-04-30,19,4.3,dale57@rogers.com,+44(0)1632960270
86,David Bradford,Female,36,UK,East Dawnbury,HR,53937,2022-10-13,14,3.27,tracey18@yahoo.com,001-433-323-0202x196
87,Raunak Vala,Male,49,Australia,Bathinda,HR,85817,2022-09-20,8,2.54,baliyashvi@gera.com,01947824160
88,Gloria Marks,Other,28,UK,East Joebury,Finance,91116,2025-03-23,10,4.95,natalie71@yahoo.com,983.041.5093x8028
89,Pihu Zachariah,Female,39,India,Maharashtra,Admin,236161,2025-01-28,16,4.39,mishawadhwa@hotmail.com,02780411617
90,Christian Clark,Female,54,India,Tamil Nadu,Finance,197725,2016-12-25,2,4.92,xwilson@hernandez-mcdonald.com,001-775-097-7056x4994
91,Jason Gutierrez,Other,42,USA,Robinsonmouth,HR,186908,2024-08-13,0,2.87,thomascarrie@gmail.com,3770-3778
92,Scott Peterson,Male,43,India,Tamil Nadu,Sales,198847,2024-02-08,5,4.03,teresamoore@yahoo.com,163.474.8093x2418
93,Cynthia Fox,Female,60,Australia,South Saramouth,Operations,144983,2019-09-06,5,4.47,chad16@davis.org,209.439.1668x1513
94,Sara Ahuja,Other,33,Australia,Madanapalle,Sales,99039,2024-05-07,3,4.88,seher65@roy.com,+917684489612
95,Diane Maynard,Other,27,UK,St. Leon,IT,45399,2017-03-09,11,3.95,sydneynelson@yahoo.com.au,0465.900.011
96,Daisy Joseph,Male,40,USA,Knappfort,HR,214841,2021-08-26,2,3.37,smarks@yahoo.com.au,(03)-8187-4025
97,Timothy Mills,Male,31,Australia,New Vanessa,Operations,146654,2016-04-02,18,4.37,oliviarhodes@gmail.com,+44117 4960597
98,Megan Fletcher,Other,39,USA,Lake Kelli,Admin,158482,2016-08-09,15,3.83,crawfordjulie@wilson-jones.com,692-958-5999x332
99,Lisa Stevens,Female,33,India,Uttar Pradesh,Sales,42221,2025-04-28,1,3.0,kristiespinoza@hotmail.com,+61.7.4669.4724
100,Steven Vaughn,Other,53,USA,Pierceland,Sales,97700,2020-11-18,11,4.21,emilybrown@yahoo.com,250-359-7065
101,Ashley Torres,Other,25,India,Delhi,Sales,145408,2023-11-24,13,4.33,wnguyen@wright.com.au,(07)99354042
102,Michael Ellison,Female,31,UK,Macdonaldmouth,Operations,54551,2023-10-03,0,3.79,romanryan@young-meyer.edu,+61-3-3536-4459
103,Dhruv Roy,Male,22,UK,Secunderabad,Operations,57798,2018-05-20,3,2.61,ichadha@hotmail.com,+910286117216
104,Mr Alexander O'Neill,Other,34,UK,South Melanie,Operations,208319,2023-05-27,10,4.35,broberts@middleton.com,+44116 4960540
105,Jacqueline Garrett,Female,24,UK,Jessicachester,Operations,85355,2020-12-04,0,4.16,tanyamurphy@roth.org,001-853-964-6532
106,Suzanne Lopez,Female,48,USA,East Kimberlyhaven,Admin,156356,2020-12-15,2,3.08,bmartin@oliver.info,(02)-4988-4383
107,Joseph Graham,Other,49,India,West Bengal,Marketing,143877,2017-08-03,12,3.26,spencer54@mata.com,001-791-077-6707x1677
108,Susan Jordan,Male,44,USA,Jenniferfurt,HR,179579,2020-01-20,17,3.01,torreseric@rodriguez-cox.com.au,(02)42292742
109,Melissa Jones,Female,37,USA,Torresside,Finance,218628,2025-02-04,1,3.63,melissa55@daniel-lopez.net.au,+61808833246
110,Ritvik Gala,Female,46,USA,Sultan Pur Majra,Finance,94981,2022-05-12,1,2.74,bijuwagle@yahoo.com,+912676796802
111,Barbara Chang,Female,43,India,West Bengal,Finance,229691,2023-04-01,18,4.95,kariskinner@turner.biz,(305)080-6450
112,Bethany Walker,Other,58,Australia,Markfort,HR,68924,2019-01-27,20,4.91,graham58@outlook.com,+441164960000
113,Arnav Bains,Female,56,UK,Bhatpara,Finance,73355,2022-03-05,12,3.98,jsachar@hotmail.com,3630865197
114,Stephanie Solis,Female,38,India,Gujarat,HR,104094,2019-10-03,20,4.86,zachary58@gmail.com,122.107.1686x119
115,Randall Avery,Other,26,India,Gujarat,IT,146829,2020-04-04,7,4.96,mmoore@hotmail.com,333-453-9708x1379
116,Dwayne Simmons,Male,43,India,Gujarat,Sales,94743,2019-10-26,0,3.76,kyle00@herman.com,017-755-8963x5820
117,Leah Madden,Other,34,USA,South Terriville,Marketing,56919,2016-05-30,18,2.89,david60@hotmail.com.au,+61844061505
118,Lisa Anderson,Female,46,Australia,Port Gregory,Marketing,96238,2021-10-03,6,2.66,heather49@hotmail.com,502-447-4554x78277
119,Kimberley Shaw,Other,57,UK,Frymouth,HR,194471,2025-08-12,12,3.9,peter87@outlook.com,(029) 2018312
120,Jeremy Brown,Male,58,Australia,Port Lisaview,Finance,109917,2025-10-07,1,4.77,luis93@hughes.com,+1-046-333-1764x31829
121,Maria Preston,Male,47,Australia,West Anthony,IT,121941,2022-10-26,14,2.83,dawn07@gmail.com,153.227.2647x0641
122,Stephanie James,Female,36,Australia,Anthonymouth,Admin,180175,2025-03-04,15,3.12,michael56@hotmail.com.au,2354 1698
123,Brian Grant,Other,40,UK,South Joycechester,IT,243858,2025-01-13,9,3.41,rebeccadavies@murphy.com,+44(0)306 9990362
124,Sana Borde,Female,56,USA,Arrah,IT,132553,2025-10-27,3,2.66,jdua@madan-gokhale.biz,2218017651
125,Christine Lucas,Other,37,India,Delhi,Finance,141126,2023-08-29,14,3.76,robert59@gardner.com,+1-373-563-5375x59444
126,Sierra Morris,Female,55,UK,Benjaminside,HR,144239,2018-09-04,18,2.77,littlerichard@collins-choi.com,905-882-2396x08321
127,Gerald Hines,Other,41,USA,Torreschester,Operations,167758,2017-10-06,12,3.86,fcarrillo@gmail.com,0444 515 437
128,Vidur Jani,Female,50,Australia,Pondicherry,Admin,241577,2018-02-10,15,3.7,manne@hotmail.com,+911604997785
129,Stephanie Wright,Female,43,USA,North Caleb,Finance,231717,2016-11-06,9,2.92,davidrodriguez@hamilton.edu.au,+61 2 2016 9370
130,Sophia Johns,Male,44,USA,North Fred,Finance,230002,2021-09-25,10,3.47,kyleyoung@young.com,001-692-145-0053x20598
131,Dr Joanna Greenwood,Female,23,Australia,Johnsonland,Operations,190140,2024-09-04,6,4.4,lynn42@gmail.com,(0116) 496 0992
132,Pari Keer,Other,48,UK,Machilipatnam,Operations,205796,2016-02-04,12,3.5,manjaricontractor@yahoo.com,+912716174732
133,Madhup Salvi,Male,24,UK,Jalgaon,Marketing,115105,2024-07-30,17,4.52,xsaran@yahoo.com,09229646106
134,Kirsty Smith,Male,22,USA,Briggsview,Sales,217675,2024-04-14,9,2.82,brenda68@perry.com,(0118) 4960618
135,Eshani Mammen,Male,60,Australia,Sangli-Miraj & Kupwad,Operations,152862,2025-06-18,10,3.98,anvisandal@kalita.com,09786983821
136,Jodie Dennis,Female,34,UK,Ryanshire,Marketing,102639,2021-04-09,1,3.58,frank54@smith-johnson.com,03069990544
137,Ojas Kumar,Female,46,India,Uttar Pradesh,Sales,141778,2021-05-07,15,3.77,sundaramjayesh@wagle-walia.com,+912319106039
138,Elaine Savage,Male,36,UK,Matthewsberg,Finance,244811,2023-06-12,19,3.08,hbenson@hotmail.co.uk,+44(0)161 4960942
139,Clarence King,Male,51,India,Tamil Nadu,Sales,81415,2023-08-31,0,2.98,odommegan@hotmail.com,+61-7-4062-5460
140,Lisa Ballard,Male,53,UK,West Jamie,Sales,59276,2022-12-20,19,4.36,justinmoore@yahoo.com.au,0471-353-369
141,Mark Giles,Other,35,USA,Port Yvonne,Operations,77017,2024-03-24,13,3.96,georginaprice@freeman-turner.biz,+441914960984
142,Olivia Jones,Female,36,USA,New Rachael,HR,214254,2018-03-25,10,3.15,cookmary@meza.edu.au,0451 444 742
143,Brandon Lee,Male,23,Australia,Port Jamesmouth,IT,157344,2016-03-27,20,3.22,jryan@yahoo.com,+44(0)1614960558
144,Nicola Griffiths-Burgess,Other,34,UK,Port Margaretfort,IT,175226,2016-12-01,2,4.36,millsrobin@baker-knowles.com,+4429 2018 0161
145,Marc Welch,Other,51,India,West Bengal,IT,206240,2024-07-01,20,3.82,potterpaige@armstrong.com,+44(0)116 496 0092
146,Conor Baker-Taylor,Female,47,Australia,Glenbury,Admin,203793,2020-09-25,7,4.84,qhumphreys@swift.co.uk,+441144960079
147,Jacob Sanchez,Other,24,UK,Phillipmouth,Admin,97693,2020-08-03,20,2.71,catherinejohnson@yahoo.com,(390)159-0432x19118
148,Barbara Thomas-Mason,Female,42,Australia,West Callumton,Finance,197795,2023-01-21,15,4.94,kayleighjones@harris.com,(01632) 960779
149,Fernando Landry,Female,55,USA,North Teresaberg,Operations,62318,2017-02-21,3,4.56,nancyhaas@fleming-scott.com,6982.4914
150,Jessica Flynn,Male,30,Australia,Tammyburgh,HR,144719,2018-11-06,0,4.11,sgreen@hotmail.com,+61 8 2420 5808
151,Melissa Davis,Female,45,India,West Bengal,Admin,122592,2016-11-13,2,3.63,kelly66@diaz-cook.info,0485 608 002
152,Steven Arias,Female,37,Australia,West Daniel,Operations,118312,2024-09-12,12,4.35,rosssara@torres.org.au,0427-406-346
153,Robert Thompson,Male,54,Australia,West Robert,Marketing,186588,2016-02-12,17,3.29,sanchezjeffrey@nguyen.com,+1-865-498-1024
154,Logan Cooley,Female,36,India,Delhi,HR,145361,2017-02-13,12,4.25,sandovalsue@henderson.com.au,75362289
155,Ronald Stone,Other,43,Australia,Lake Lauraborough,Sales,233881,2020-01-22,5,3.69,jessica71@rodriguez.com.au,0009-3085
156,Shaun Higgins-Patterson,Other,47,India,Rajasthan,Marketing,110491,2016-09-25,13,4.01,ycoleman@elliott.com,(0117)4960115
157,Manjari Tara,Male,42,India,Maharashtra,Admin,140035,2016-06-06,7,2.97,priyanshgoda@gmail.com,03292669403
158,Bryan Stanley,Male,51,India,Tamil Nadu,IT,92782,2018-03-25,8,3.56,duncanjimmy@yahoo.com,(022)892-6085x3262
159,Sean Cunningham,Male,29,India,Karnataka,IT,170109,2018-09-13,19,2.92,davieslawrence@chapman.info,+441632960190
160,Prerak Balay,Male,59,USA,Bettiah,HR,233484,2020-10-28,3,4.07,mahikasathe@bhagat.info,+918768772665
161,Jesus Rangel II,Female,42,UK,East Jason,Marketing,165209,2023-07-12,10,4.36,nicholasmiller@meza-armstrong.org.au,6740.5284
162,Ronnie Marquez,Other,33,India,Maharashtra,Sales,110656,2016-12-28,9,3.24,heatherfox@hotmail.com,0280079488
163,Jamie Sharp,Male,48,UK,Port Rickyfurt,Marketing,133697,2018-10-26,9,3.28,lindachandler@yahoo.co.uk,(0115) 496 0657
164,Gina Smith,Other,40,India,Tamil Nadu,Finance,166367,2022-03-12,4,2.61,cpierce@yahoo.com.au,0494 694 857
165,Cassandra Ward,Other,44,UK,Shaunstad,Operations,208130,2023-11-24,1,4.02,george39@morris.biz,+61.454.229.050
166,Jessica Thompson,Female,24,Australia,West Fionatown,Finance,50313,2021-01-21,17,3.55,stevenjones@brookes-godfrey.co.uk,+44(0)306 9990424
167,Melissa Oliver,Other,25,India,West Bengal,Sales,50396,2020-09-25,4,3.15,carolyn75@norris.com,+4428 9018414
168,Jean Harrison,Other,34,India,Uttar Pradesh,Sales,127069,2019-06-09,15,3.88,tlee@gmail.com,+44(0)9098790494
169,Biju Aggarwal,Female,54,UK,Udupi,Admin,243782,2024-01-23,15,3.27,indrajitbala@yahoo.com,01645087613
170,Derrick Joseph,Other,41,India,Gujarat,Operations,137475,2021-09-28,7,2.98,bartletthannah@newman.info,(772)719-5743
171,Kayla Wilson,Female,36,Australia,New Aaronborough,IT,110850,2021-03-12,20,4.94,davidromero@tanner-martinez.net.au,+61-3-5667-1090
172,Sean Wood,Other,59,UK,Keithville,Operations,76691,2018-07-01,10,3.99,charlotteburrows@outlook.com,+44116 4960641
173,Natasha Armstrong,Female,48,USA,Lake Kayla,HR,138457,2019-10-26,15,2.94,wallsjason@reese.com,0400-576-748
174,Carl Burgess,Other,59,USA,Clareview,Marketing,200259,2024-10-29,0,2.88,aaronbrown@gmail.com,+44116 496 0208
175,Jennifer Barnett,Other,44,Australia,South Shannon,IT,177669,2022-06-24,4,4.13,veronica59@hotmail.com,03.3168.7042
176,Mike Martin,Male,39,India,West Bengal,Finance,66495,2021-05-23,19,3.27,daguirre@gmail.com,+1-760-955-4868x834
177,Stacey Patterson,Female,49,USA,Ramirezchester,Marketing,97786,2019-11-13,1,2.81,karina68@shepherd.org,+1-201-846-0508x463
178,Anahi Thakur,Male,21,USA,Anand,Sales,92074,2020-08-02,3,3.49,arhaan66@mander.net,8510800235
179,Mrs Donna Mason,Female,43,Australia,Aimeefurt,Finance,103587,2020-09-07,16,3.32,jwalker@king.com,+44114 4960783
180,Ann Greenwood,Female,27,India,Maharashtra,Finance,166199,2023-10-15,3,4.25,mary91@austin.info,+44(0)1134960347
181,Dr. Hector Scott,Female,46,USA,Tarahaven,IT,107165,2016-06-25,17,4.17,fclay@allen.com,420.904.0257x9117
182,Heer Batra,Female,43,USA,Pali,Marketing,232713,2017-09-01,0,2.89,bdugar@yahoo.com,8658117404
183,Jill Orr,Other,34,India,Karnataka,Marketing,177553,2021-04-05,11,4.67,kristen35@bray.net,001-441-898-4521x0613
184,Justin Simmons,Female,47,UK,Lake Kennethfurt,Operations,108539,2024-08-19,12,3.11,nicholas69@nelson.biz,+1-720-053-9713x17268
185,Lisa Barber,Female,28,Australia,South Steven,Admin,56044,2017-02-09,8,4.33,kimberly99@hotmail.com,982.186.1657x0427
186,Alan Webster,Male,52,Australia,Mohammedmouth,Sales,90545,2018-04-21,7,3.48,jglover@yahoo.co.uk,0121 496 0378
187,Ira Bose,Other,25,India,Maharashtra,Marketing,235095,2024-03-25,5,4.86,divij78@sastry-gaba.com,1115363947
188,Victoria Lowe,Female,38,USA,North Glenmouth,Admin,156262,2022-07-21,18,3.69,morrisoncharles@gmail.com,+44(0)115 496 0595
189,Mrs Jodie Scott,Female,49,UK,Helenchester,Finance,68870,2017-10-28,17,4.98,julian17@bates.net,0121 4960181
190,Jennifer Smith,Male,24,Australia,St. Patrick,Marketing,165930,2022-11-20,11,2.94,danielle57@yahoo.com.au,03-5169-5411
191,Ruth Williams,Female,45,Australia,Lake Georginachester,Finance,231303,2021-09-11,10,3.92,wbrooks@hotmail.com,01214960094
192,Faith Blair DDS,Female,43,UK,Nealtown,Admin,149636,2016-03-09,5,3.06,charles02@hotmail.com,+1-418-452-5352x59073
193,Carolyn Long,Other,51,UK,Patelburgh,Sales,92083,2017-10-08,11,4.68,leesuzanne@hammond.com,0191 498 0496
194,Dr Ricky Skinner,Female,60,USA,Dianafort,HR,191537,2017-03-23,16,2.65,boyleamanda@coleman.com,+44(0)113 4960774
195,Bethany Short,Male,35,Australia,Hewittmouth,Operations,169661,2023-12-04,19,3.56,fpope@outlook.com,(0117) 4960520
196,Joan West-Palmer,Other,44,USA,South Catherinebury,HR,42559,2021-01-02,4,3.02,wedwards@outlook.com,+44161 496 0344
197,Katie Jones-Walker,Male,44,India,Gujarat,HR,75305,2020-02-01,20,3.76,smithgary@hotmail.co.uk,+44(0)1184960871
198,Eric Thomas,Male,58,India,Tamil Nadu,Operations,193467,2019-06-12,3,4.93,ryanadams@yahoo.com,062-042-3562
199,Dennis Wilkinson-Lawrence,Other,53,UK,West Ruth,IT,41812,2022-04-14,15,2.85,jill28@gmail.com,020 7946 0141
200,Samarth Khatri,Other,49,India,Rajasthan,Finance,108100,2015-11-13,8,3.04,zain71@hotmail.com,+910093526944
201,Steven Steele,Other,50,Australia,West Shelly,Admin,45682,2018-09-17,2,4.88,cameronramirez@yahoo.com.au,0482 181 283
202,Daniel Patel,Male,27,USA,New Joe,Finance,124333,2017-06-26,17,4.77,woodshannon@yahoo.com,0121 4960568
203,Bianca Gray,Female,58,UK,New Nicholas,HR,165566,2016-06-27,9,2.9,gregorytaylor@hotmail.com,+61.8.6128.0952
204,Michael Bishop,Other,42,Australia,South Dana,Marketing,123931,2023-05-27,3,4.83,christophermack@williams.edu,0320645141
205,Lucas Miller,Female,58,Australia,East David,Admin,101663,2018-02-19,0,3.4,leaaron@stanton.com,784.087.2618x10215
206,Dr Jennifer Powell,Other,36,India,Maharashtra,Sales,209611,2022-01-18,19,4.98,ashleybenson@hotmail.co.uk,+44(0)20 74960850
207,Brian Kirby,Female,27,USA,St. Tammyton,Finance,245062,2020-03-15,16,4.03,vsosa@miller.net,(07).4840.9377
208,Michael Castro,Male,47,USA,Lake Maryburgh,Finance,118442,2019-08-13,0,3.23,jenniferwells@yahoo.com,+1-661-019-0386x54278
209,Gillian Williams,Female,47,UK,Cookebury,Finance,99635,2023-12-12,7,3.44,oconnorrobin@hotmail.co.uk,(0117) 4960460
210,Elizabeth Cole,Male,23,India,Tamil Nadu,IT,247341,2021-08-29,20,2.97,emiller@miller.net.au,0467-695-853
211,Kelly Blackwell,Female,31,UK,Dodsonland,IT,147288,2017-06-25,2,3.45,staffordmartha@li.org.au,91647945
212,Dr Malcolm Lambert,Female,31,Australia,North Amberfurt,HR,132820,2018-11-23,17,3.48,kim21@fox-hamilton.com,0141 4960379
213,Rachel Parkin,Other,49,India,Maharashtra,IT,198258,2022-10-11,10,2.7,whall@stanley.net,+441134960036
214,Deborah Green,Male,58,UK,Stewartburgh,Marketing,194323,2024-03-27,5,3.7,juan48@santana.org,(03)42285892
215,Karen Peterson,Female,26,UK,Hopkinsberg,IT,147224,2020-07-22,20,4.54,jeremyallen@yahoo.com,+61.472.940.987
216,Mrs Lydia Higgins,Other,21,UK,East Leonstad,Marketing,248213,2023-07-08,13,3.72,dstephens@johnson.com,0909 879 0404
217,Kim Clarke,Other,26,UK,Curtismouth,HR,129444,2021-06-23,10,3.96,yateslynn@evans.net,(0115)4960204
218,Lawrence Smith,Female,21,India,Uttar Pradesh,Admin,197146,2017-01-29,15,3.43,felicia11@edwards.com.au,+61.401.383.198
219,Jessica Rivera,Other,21,USA,Allenfurt,Finance,238878,2016-10-13,19,4.86,marquezjade@hotmail.com,001-022-342-6462
220,Christopher Whitehead,Female,55,USA,Port Randy,Finance,230577,2016-10-03,10,3.27,dustincooper@hotmail.com,07-6904-2898
221,John Johnson,Other,37,UK,Loriport,IT,88491,2018-11-08,15,4.1,terrencebowman@yahoo.com,001-966-319-5719
222,Abram Sundaram,Male,50,UK,Saharanpur,HR,247480,2015-11-17,18,2.92,fateh58@hotmail.com,04314512374
223,Rhea Manne,Other,40,USA,Rajkot,Sales,76786,2022-04-07,4,3.57,vardaniyaramesh@hotmail.com,9987817277
224,Samiha Kata,Female,49,India,Maharashtra,Admin,160858,2024-07-07,13,4.0,kapurmiraya@kale.com,0630007802
225,Alexander Rogers,Female,28,USA,East Dennis,Admin,206590,2024-04-20,14,2.93,lauren33@smith.com,+4428 9018566
226,Raghav Kuruvilla,Male,21,India,Tamil Nadu,IT,63213,2020-06-08,17,3.93,semaarush@yahoo.com,03409531620
227,Ela Choudhry,Female,46,Australia,Firozabad,Operations,111717,2024-10-03,12,4.97,rmangal@yahoo.com,4861592605
228,Kathy Yoder,Male,29,India,Uttar Pradesh,HR,124670,2020-09-08,10,2.65,erica05@yahoo.com.au,07 1523 9709
229,Jacob Adams,Female,37,USA,Ramirezfort,HR,228690,2016-08-30,19,4.02,twilliamson@yahoo.com,42325415
230,David Baker,Female,41,Australia,St. Travis,Operations,143021,2018-05-17,16,4.75,thomaspaul@jimenez.biz,02.8705.3607
231,Liam James,Female,51,UK,Gordonberg,Finance,178829,2018-09-29,20,3.85,jordan41@outlook.com,+44116 496 0210
232,Saksham Issac,Other,45,India,Rajasthan,HR,96941,2017-07-02,20,4.15,butalavardaniya@subramanian-apte.net,06025798372
233,Melissa Zavala,Female,58,India,Delhi,Sales,218655,2019-08-12,13,4.1,williamsjeffery@gmail.com,+61.481.560.449
234,Bethan Collins,Female,59,UK,New Alice,Finance,77449,2023-03-27,4,2.59,idaniels@hotmail.com,0117 4960721
235,David Cruz,Other,28,Australia,South Brendahaven,Admin,142811,2021-11-13,6,3.07,troyliu@gmail.com,001-112-910-5892x06734
236,Katherine Jordan,Other,58,USA,Michaelchester,Sales,107096,2021-04-27,0,4.71,holly46@peterson-bartlett.net,001-164-868-6660x723
237,Amanda Moore,Female,28,India,Maharashtra,IT,127019,2021-10-23,11,4.3,gdavis@hotmail.com,+1-796-380-1755x3038
238,Mary Phillips,Other,38,UK,Pricebury,Admin,149163,2020-09-20,17,2.64,jeremyvaughan@hotmail.com.au,+61-7-1447-7929
239,Nicholas Rogers-Smith,Female,31,India,Gujarat,Marketing,214078,2021-06-14,5,3.41,shannonward@hotmail.com,(0191)4960762
240,Valerie Powell,Other,22,USA,Port Ryan,Operations,220805,2024-08-09,8,4.56,lordmarian@outlook.com,(0306) 9990155
241,Vivaan Dass,Male,42,UK,Pallavaram,Marketing,233489,2023-03-11,17,3.41,chawlamannat@hotmail.com,7183652933
242,Sam Andrews,Male,53,UK,Wardview,Sales,165200,2023-03-30,6,4.98,hugheswayne@hotmail.co.uk,+44(0)141 4960685
243,Jennifer Chavez,Female,25,India,West Bengal,Admin,43742,2025-01-11,11,4.2,ethanking@yahoo.com,+1-558-434-1840x6833
244,Parinaaz Rama,Female,56,Australia,Berhampore,Marketing,181791,2021-08-26,2,4.01,onkarmall@yahoo.com,0679222014
245,Logan Kelley,Other,29,UK,Brettview,Operations,70514,2019-04-28,17,3.35,oconnellcassidy@gmail.com,+1-919-182-1208
246,Lakshay Dhaliwal,Male,25,USA,Kottayam,Finance,82285,2016-11-29,8,4.07,neysalall@gmail.com,06017739485
247,Bradley Brown,Male,40,India,Maharashtra,Operations,138847,2025-08-09,14,2.97,harrylewis@outlook.com,(0114) 4960206
248,Suhana Sawhney,Other,50,USA,Jalandhar,Marketing,170730,2025-07-05,13,3.45,bavaadah@balakrishnan-brahmbhatt.com,0645178530
249,Adrian White,Female,47,India,Karnataka,Sales,228414,2024-01-03,1,3.98,robinsonanthony@henderson.info,03-8683-4105
250,Ahana  Sawhney,Female,57,Australia,Kochi,Sales,183644,2021-02-10,3,4.1,daliasamar@yahoo.com,8982159419
251,Joshua Garcia,Male,37,India,Maharashtra,HR,73651,2025-04-14,14,3.58,bethnavarro@yahoo.com,+1-513-712-3914x769
252,Jason Hussain,Male,57,Australia,Howellsstad,Sales,240214,2016-02-29,1,3.92,teresa02@jones.co.uk,+44115 4960676
253,Donald Lyons,Male,33,USA,West Amanda,Sales,158010,2019-02-22,18,4.58,iherrera@gonzales.com,763.765.2336x48467
254,Oliver Johnson,Male,50,UK,Lake Elliott,Operations,247156,2025-01-19,0,2.64,beverleylewis@lewis-day.info,+44131 496 0797
255,David Smith,Other,36,India,Rajasthan,HR,142587,2022-10-28,6,2.79,terri69@gmail.com,624.972.9538
256,David Sweeney,Male,58,India,Karnataka,Marketing,203163,2023-09-13,6,4.1,scott53@hotmail.com.au,4489 7585
257,Dr Valerie Bibi,Female,58,Australia,South Louis,IT,247517,2022-06-01,6,3.46,neil86@outlook.com,+441164960073
258,Jessica Carlson,Male,35,USA,Port Johnshire,Marketing,119327,2021-07-28,4,4.75,adamscynthia@hotmail.com.au,0497.143.095
259,Hailey Davis,Male,34,Australia,New Connie,Admin,78097,2021-03-22,7,4.9,brittanyjames@yahoo.com.au,0424-457-971
260,Mrs Diana Sullivan,Female,23,UK,West Mandy,IT,232625,2016-08-29,7,3.06,ihall@hotmail.co.uk,+44(0)113 496 0286
261,Desiree Brown,Male,30,UK,Gillespiemouth,Finance,59385,2022-02-12,12,4.58,scott21@hotmail.com,001-256-014-9781x2510
262,David Wilson,Other,46,UK,South Jason,Operations,185763,2024-09-18,1,4.73,djones@sheppard-lewis.info,+44131 4960908
263,Gillian Thomas,Female,57,UK,New Nicholas,Sales,207637,2019-05-21,2,4.94,thall@yahoo.co.uk,0191 4960738
264,Ms Amy Hall,Female,37,India,Karnataka,Finance,109849,2020-08-18,12,2.89,winterstephen@gmail.com,(0117)4960524
265,Glen Craig,Female,41,UK,Joneshaven,Admin,72390,2022-01-14,0,2.93,amycooper@gmail.com,01632960575
266,Michele Vargas,Other,27,India,Rajasthan,IT,232196,2024-12-21,17,4.97,scott28@hotmail.com,6356320409
267,Martin Sanders,Male,58,UK,Garciaborough,IT,65280,2021-12-12,13,4.17,malloryhuber@johnson.com,723-445-3881x0322
268,Vanessa Dunn,Female,47,India,Tamil Nadu,Sales,95987,2022-03-18,12,3.09,debbie84@reyes-allen.com,(612)299-3709x1270
269,Robert Richardson,Male,41,UK,Wilsonhaven,Admin,222452,2015-12-16,3,4.85,cristian25@flores.com,+1-339-465-5515x7004
270,Amanda Thompson,Female,48,UK,Dickinsonshire,Finance,181396,2021-12-10,3,2.92,tonytodd@clark.info,(0808) 1570077
271,Shlok Tandon,Other,44,UK,Chinsurah,Marketing,129536,2021-04-23,6,4.52,bmaster@sharma-date.com,+914744796251
272,Francis Parry,Female,48,UK,Higginston,Operations,111514,2016-02-24,11,4.66,hazel08@brooks.com,+441632960921
273,Ricardo Lewis,Other,37,USA,North John,Sales,159019,2019-07-06,17,4.18,bassmorgan@yahoo.com,+61-465-690-148
274,Joanna Nunez,Female,53,USA,Carlsonside,Admin,71686,2018-01-06,16,2.74,james98@yahoo.com.au,+61 3 9504 4521
275,Bhamini Sood,Other,30,UK,Bharatpur,Sales,93921,2023-07-02,13,4.63,khannadarshit@agrawal.net,+919246668913
276,Anita Porter,Other,53,Australia,Thompsonfort,HR,80367,2024-08-12,5,4.69,lori06@hotmail.com,0436.224.732
277,Nitya Gour,Female,46,USA,Gurgaon,Admin,61950,2021-11-17,8,4.08,umangsampath@hotmail.com,05010634055
278,Matthew Roach,Male,46,UK,Port Thomasstad,Marketing,40471,2018-07-16,17,4.93,adrian35@gmail.com,8462 1890
279,Fateh Sule,Male,38,Australia,Ulhasnagar,HR,156137,2025-02-26,14,4.31,uthkarsh54@hotmail.com,+913668763703
280,Sana Walla,Female,40,India,Uttar Pradesh,Marketing,225918,2023-12-10,20,3.47,neelofar54@bahl-lalla.info,+918711319379
281,Robert Huber,Male,45,UK,Raymondmouth,HR,229739,2020-05-31,8,2.62,rbrowning@yahoo.com,001-048-446-0276
282,Jesus Moreno,Male,34,UK,Port Cheryl,IT,187624,2025-02-03,7,4.22,campbellrandy@ross.net,28394085
283,Dr Duncan Walker,Other,24,Australia,Edwardsport,HR,243535,2019-07-30,5,4.32,growe@reeves.com,(0114) 4960701
284,Christopher Mcguire,Male,40,India,Maharashtra,Finance,112217,2021-01-26,18,4.51,harmonveronica@white.com,+1-063-029-1272
285,Jill Day,Male,33,Australia,North Olivia,Marketing,236971,2016-01-19,20,2.62,gavin30@hotmail.co.uk,+44(0)1184960244
286,Amani Subramanian,Male,29,USA,Pondicherry,HR,99627,2016-01-20,10,3.82,myrasaini@jayaraman.biz,08139413914
287,Tony Lewis,Male,53,Australia,Lake Michelle,Finance,154655,2016-10-25,7,4.28,rose45@yahoo.com,(786)255-1873x95081
288,Ranbir Sandhu,Other,22,USA,Agra,Admin,42461,2019-12-07,20,2.58,semalia@hotmail.com,+910137328566
289,Dorothy Bradshaw,Other,45,USA,Shepherdview,Marketing,41715,2023-02-05,4,2.76,joneskaren@yahoo.com,0114 496 0119
290,Carole Garner-Pearce,Other,58,India,Tamil Nadu,IT,105986,2024-05-14,14,4.44,charles74@hotmail.com,+4428 9018 0023
291,Amanda Alvarez,Male,47,USA,New Christine,Operations,65229,2021-09-13,0,2.82,sarahmoore@yahoo.com,9953891063
292,Sarah Scott,Female,45,Australia,West Ashleyview,HR,62292,2023-10-22,0,4.62,porteremma@atkinson.com,+44191 496 0105
293,Ayesha Toor,Other,42,Australia,Tadepalligudem,Marketing,102579,2016-12-25,7,3.52,edeo@chahal.org,+912214848729
294,Georgia Thornton-Crawford,Male,40,Australia,Maxbury,Sales,115092,2022-01-19,4,3.53,graeme13@hotmail.co.uk,+44(0)115 496 0508
295,Ms Dawn Barnett,Male,41,UK,East Gordontown,Marketing,233680,2024-07-26,19,4.78,katie49@gmail.com,+44113 4960796
296,Kartik Ray,Other,26,Australia,Guntur,Operations,97944,2017-03-22,18,4.69,bijuloyal@varty.com,9491049334
297,Ms Debra Wilkinson,Other,24,Australia,Georgiashire,Finance,195443,2019-12-27,1,3.49,nicole88@outlook.com,+44118 4960860
298,Gillian Evans,Female,40,USA,West Sally,IT,86303,2020-10-25,16,5.0,katy71@outlook.com,+44(0)1632 960053
299,Anahi Sami,Other,35,USA,Bareilly,Admin,172650,2020-09-28,10,2.72,saanvi57@chadha.info,00197130973
300,Dr Lawrence Robertson,Female,60,USA,Rebeccabury,Marketing,198795,2023-09-15,7,4.21,dylan58@yahoo.co.uk,0114 4960348
301,Tammy Williams,Male,38,India,Uttar Pradesh,Operations,197951,2025-08-14,8,2.75,rushvincent@buckley.com,116-128-4261x063
302,Stacey Weston,Male,37,India,Maharashtra,HR,192878,2024-04-17,20,3.68,bradysian@gmail.com,(0306) 999 0453
303,Joel Welch,Female,51,UK,Rodrigueztown,Operations,110329,2017-05-12,0,4.66,dpatel@lopez.com,+61 3 2003 4011
304,Deanna Rush,Male,23,India,Karnataka,Operations,158996,2022-04-06,14,3.96,shirley80@hotmail.com,216.798.8550x4477
305,Kenneth Lowery,Female,29,USA,Carterborough,Finance,150888,2017-11-24,14,3.11,dtaylor@hotmail.com,032.497.2321
306,John Thomas,Male,21,UK,Port Taylormouth,Admin,53777,2018-05-23,9,4.61,qjohnson@hotmail.com.au,+61-426-563-009
307,Mr Jonathan Roberts,Male,41,UK,New Nigel,Sales,157777,2021-03-11,12,4.81,shawbrian@williamson.biz,0292018424
308,Darrell Wright,Female,51,UK,East Alexismouth,IT,233803,2016-10-29,20,4.77,shirley35@yahoo.com,+61819569505
309,Brianna Rivas,Male,58,UK,Pattersonville,Operations,44034,2016-12-09,15,4.87,vsmith@gmail.com,0735781795
310,Nicholas Ward,Other,26,USA,Port Leahstad,IT,89637,2021-06-27,0,4.14,atkinsonwanda@jackson.com,726-078-1893x90054
311,Shray Contractor,Other,43,India,Tamil Nadu,HR,245801,2022-01-19,2,2.84,siya21@yahoo.com,+911058966402
312,Neelofar Halder,Female,45,Australia,Thane,Sales,77245,2022-10-17,1,4.11,raghav28@jhaveri-randhawa.biz,5934653780
313,Kate Roberts-Watson,Male,38,USA,Harrisonton,Sales,171478,2023-09-05,12,4.59,freynolds@mitchell.com,(0118) 496 0648
314,Liam Martin-Harrison,Female,32,Australia,Smithberg,Operations,128927,2023-09-29,6,3.97,cookerobin@brown.com,0151 4960069
315,Julian Lane-Gardner,Female,29,USA,North Bradley,Admin,132317,2023-02-18,19,4.42,zmann@odonnell.com,+44(0)29 2018 0842
316,Anahi Char,Female,34,Australia,Amroha,IT,237705,2019-02-01,9,4.93,tejas93@gmail.com,+911506400737
317,Patricia Patel-Fisher,Female,28,USA,Lake Philip,Sales,70283,2021-06-30,3,3.56,bmoore@outlook.com,(0116) 496 0873
318,William Pugh,Female,58,India,Tamil Nadu,IT,112591,2019-01-05,2,3.37,cheryl87@hotmail.com,001-022-879-9232x13646
319,Mamooty Sawhney,Male,41,USA,Nashik,HR,45678,2018-05-10,2,3.6,msampath@yahoo.com,03461733045
320,Patrick Fischer,Female,45,USA,Port Christopher,Admin,93918,2021-02-08,2,4.04,garciadavid@gmail.com,(189)015-2736
321,Ricky Benson,Other,49,USA,Port Dustin,Finance,212723,2025-06-20,20,2.84,brandon76@yahoo.com.au,+61.3.3690.3577
322,Ms Ellie Griffin,Female,29,USA,Whitebury,Finance,127299,2022-02-15,5,3.24,oneillsandra@hotmail.co.uk,(0306) 9990339
323,Paul Jenkins,Female,23,Australia,New Kenneth,Admin,235228,2025-04-05,13,2.81,kristin21@lawrence.com,229.856.2777
324,Walter Mclaughlin,Female,54,UK,Joshuamouth,HR,224990,2024-09-22,8,3.26,jamesmalone@yahoo.com.au,+61271180923
325,Paige Frey,Female,23,USA,Johnsonmouth,Operations,114904,2018-07-17,2,2.6,jdavidson@campos.org,+61.441.010.941
326,Michele White,Female,23,Australia,South Toddberg,IT,75785,2025-10-27,2,3.78,wcamacho@cox-warren.org,+1-082-042-1602x3293
327,Miss Kate Jones,Female,37,India,Rajasthan,Operations,144686,2019-01-05,13,3.46,ubrown@yahoo.com,(0808)1570278
328,Scott Hahn,Female,32,USA,Goodwinstad,Marketing,184377,2022-05-04,16,4.54,henrytina@wallace.edu.au,0477 324 305
329,Christopher Martin,Female,56,USA,South Matthewport,Sales,151630,2022-02-22,14,4.88,katie41@mcguire-smith.com,(218)980-3838x28735
330,Kismat Sur,Female,24,Australia,Bokaro,Admin,98094,2021-02-14,15,3.32,ndar@hotmail.com,3098487469
331,Sarah Li,Male,33,USA,Hicksshire,IT,132676,2024-02-12,2,3.25,espencer@yahoo.com.au,+61287367231
332,Brian Lopez,Female,30,Australia,West Michael,Finance,249375,2023-10-26,2,3.23,anthony59@hotmail.com,0482.528.920
333,Stephanie West,Other,28,Australia,East Veronicahaven,HR,217027,2024-06-15,20,4.65,dnichols@yahoo.com,148-817-4184
334,Shlok Sheth,Other,39,USA,Ongole,Sales,148311,2021-07-29,19,4.94,saxenahunar@gmail.com,09236193063
335,Wendy Castro,Male,36,USA,Allisonland,Operations,186692,2025-07-16,7,3.77,senglish@green.org,+61 410 800 937
336,Yakshit Acharya,Other,60,UK,Proddatur,Sales,235341,2018-04-27,3,3.51,ebalan@gala.info,+916246621387
337,Caitlin Garcia,Other,50,UK,Port Prestonfort,Operations,209070,2020-12-28,18,2.68,shirleythomas@weeks-wilson.net,509.081.1320x65770
338,Dharmajan Kar,Male,60,USA,Mau,Finance,209828,2020-08-01,8,3.62,sbadal@doctor-buch.biz,1540305384
339,Rebecca Collins,Male,30,UK,East Tammy,Admin,244091,2018-10-26,0,2.69,gravesjacob@gmail.com,195.126.2609
340,Valerie Brown,Female,45,UK,Chadside,Sales,45136,2016-06-23,20,3.78,rburton@hotmail.com,456.322.9746x061
341,Adam Barr,Male,45,UK,Port Lisa,Admin,49788,2024-04-29,1,3.41,dawn81@hotmail.com,+61.2.3992.2391
342,Mrs Olivia Potts,Other,21,India,Uttar Pradesh,Sales,66615,2022-03-31,1,2.86,barrydavey@short.com,0117 496 0032
343,Andrea Clark,Male,43,Australia,North Aprilshire,Marketing,231221,2018-09-09,9,2.68,washingtonchristine@yahoo.com.au,62759232
344,Rebecca Williams,Male,60,India,West Bengal,HR,196364,2021-08-01,20,2.99,jason79@mason.com,5271 0564
345,Kavya Buch,Other,24,UK,Chapra,Finance,198852,2021-06-06,19,4.74,badamiivana@bandi-contractor.biz,04318651461
346,Brian Chase,Male,60,USA,North Robertmouth,Marketing,111479,2019-08-18,4,3.95,edeleon@gmail.com,+61284121664
347,Georgia Robinson,Female,42,USA,Raymondfurt,IT,117581,2016-10-10,5,2.68,oliviadavies@hotmail.com,0118 496 0049
348,Heidi Lee,Female,44,Australia,Port Cheryl,Sales,97066,2015-12-06,19,3.81,kevinchapman@hotmail.com,+1-661-944-6111
349,Thomas Flores,Male,41,UK,Nicholasview,IT,78071,2024-07-23,11,2.74,jonesstephen@davidson-rocha.com,(138)747-0836x45356
350,Lori Rasmussen,Male,43,UK,Whiteheadstad,Sales,80927,2023-10-29,8,4.96,patrickcameron@gmail.com,+61.8.9241.1398
351,Bobby Williams,Other,44,Australia,Jonathanburgh,Sales,243798,2018-11-28,16,2.98,taylorjames@yahoo.com,569-478-7674x47058
352,Anahi Swamy,Other,34,UK,Latur,Operations,198434,2020-01-30,20,3.75,chhabrasaira@deshpande-das.com,9549898222
353,Kelly Medina,Male,28,UK,Stephaniebury,Finance,243154,2018-08-12,0,2.89,jenniferbaird@yahoo.com,+1-290-871-5621x100
354,Pamela Rojas,Female,43,UK,North Glenn,HR,101822,2016-07-13,7,4.47,travis60@crawford.info,001-663-087-5801x9615
355,Rebecca Russell,Male,37,Australia,Gomezton,Admin,192388,2024-03-03,12,3.45,apriljimenez@gmail.com,806-174-9313x9793
356,Jody Day,Other,54,USA,West Jenna,IT,148132,2019-09-18,15,3.46,melaniecameron@gmail.com,(164)478-4062
357,Amber Yates,Male,39,India,Rajasthan,Operations,80449,2017-06-29,13,3.67,peter16@gmail.com,794.467.8452x1342
358,Corey Armstrong,Female,60,UK,Jonathanmouth,Finance,220334,2024-01-08,4,4.67,kevin58@williams-warren.biz,+61.7.5223.1131
359,James Arias,Male,23,UK,West Raymondmouth,Admin,68187,2022-09-22,19,3.29,grayashley@gmail.com,(08)-1280-9997
360,Hannah Smith,Other,30,Australia,Thorpeshire,Admin,164721,2019-06-19,8,4.46,damian83@harris-french.biz,(0115) 496 0810
361,William Thomas,Female,27,Australia,Jasonland,Operations,249484,2025-01-02,13,3.22,rosswesley@hotmail.com,(918)270-2091x28236
362,Michael Lawrence,Female,36,UK,Brianhaven,Marketing,83968,2021-02-16,16,4.12,williamhayes@gmail.com,848-115-8563x59064
363,Rachel Wilkinson-Smith,Male,48,Australia,Port Bethan,Marketing,56765,2020-12-09,7,2.77,higginsneil@cooper.org,+44(0)118 496 0262
364,Kashvi Sachdeva,Male,26,UK,Bhimavaram,Marketing,61064,2022-03-10,20,3.25,vedikachadha@yahoo.com,+916884810900
365,Ronnie Gomez,Male,43,USA,West Shelby,Admin,139709,2022-04-08,19,3.99,michaelanthony@hamilton.com,001-301-156-9667
366,Chirag Bala,Female,39,India,Karnataka,Sales,140646,2018-05-26,16,2.69,stuvandoshi@hotmail.com,03804047781
367,Lisa Bull-Smith,Female,55,Australia,North Robertmouth,HR,243805,2017-06-24,17,4.5,ybrown@rice.net,(0808) 157 0486
368,Nirvaan Chowdhury,Other,55,India,West Bengal,HR,57384,2020-02-15,11,3.03,advik00@yahoo.com,00389399449
369,Jennifer Stevenson,Female,45,UK,Angelaburgh,Finance,130644,2024-10-28,14,4.0,nmiddleton@yahoo.com,144.732.2667
370,Jivika Reddy,Other,37,UK,Howrah,Sales,42695,2025-07-30,17,4.48,cheemamiraya@gmail.com,+910403016762
371,Nayantara Verma,Male,34,USA,Sri Ganganagar,Marketing,232385,2024-03-20,19,2.89,nityadevan@gmail.com,+914445405004
372,Kenneth Reed,Male,24,USA,East Lisafort,Admin,45335,2021-05-05,14,4.31,jennifer96@santana.biz,(303)893-4468
373,Heer Shenoy,Female,27,USA,Mango,IT,237445,2017-09-28,19,3.28,sainitarini@seth.com,08614622950
374,Adam Wright,Female,29,USA,New Antony,Finance,210240,2020-08-30,13,3.33,malcolm51@outlook.com,(0117) 496 0178
375,Deborah York,Other,58,UK,Lake Jasminehaven,Sales,117571,2022-04-27,2,4.25,christinadominguez@newman.info,03-3928-1473
376,Molly Watson,Male,50,USA,New Christine,Finance,225839,2024-05-10,16,4.6,uwhite@yahoo.co.uk,+44141 496 0213
377,Jemma Thorpe,Female,56,India,Uttar Pradesh,HR,241469,2015-12-04,1,3.36,walshpeter@yahoo.co.uk,+44118 4960342
378,Dawn Barnes,Female,49,Australia,East Emma,Marketing,161532,2023-11-30,15,4.58,mollysteele@hotmail.com,+44(0)1174960657
379,Shaan Yogi,Female,59,USA,Jaipur,IT,236814,2023-04-14,8,4.89,sahilhegde@hotmail.com,+910430490711
380,Mohanlal Maharaj,Female,24,USA,Hajipur,Finance,132751,2020-10-03,3,3.62,skale@tandon.com,2114738976
381,Seher Chahal,Other,36,India,Tamil Nadu,Admin,218583,2020-08-25,8,2.55,wbalasubramanian@hotmail.com,4925251691
382,Anay Tank,Male,26,Australia,Tiruppur,Marketing,134016,2023-05-14,4,4.41,darkimaya@divan.biz,07654319265
383,Derrick Brown,Male,56,USA,Mendezstad,Finance,189389,2025-01-12,7,3.32,shannondavis@hanson.com,001-267-760-4613
384,Mrs Eleanor Nicholls,Male,41,UK,Leebury,HR,67141,2021-02-09,7,3.54,burgesskirsty@yahoo.co.uk,0115 496 0509
385,Nirvaan Dugar,Female,54,Australia,Kavali,Admin,140832,2017-08-12,15,3.54,bhaminisahota@bawa.net,+912094088685
386,Diya Deshmukh,Female,45,UK,Pali,IT,214226,2021-01-15,17,3.8,vivaanbatta@sharma.com,+915843416047
387,Susan Norris,Female,26,Australia,Port James,Marketing,213753,2018-08-25,1,4.16,churchkevin@gmail.com,07.0165.4440
388,Amanda Sharp,Male,41,Australia,Port Amanda,Marketing,92284,2023-04-13,13,2.99,raymondhamilton@hotmail.com,310.436.1814x13579
389,Raunak Chauhan,Male,26,USA,Jammu,HR,158572,2019-07-23,9,4.41,saira77@dash-gour.org,01133713027
390,Dr Angela James,Other,25,UK,North Barryshire,Marketing,159600,2019-03-23,15,4.89,taylormartyn@hill.com,(0117) 4960868
391,Ms Hayley Chadwick,Other,39,USA,Woodhaven,Sales,54911,2020-10-21,9,3.56,turnercharlotte@shaw.com,01144960565
392,Keya Bajaj,Female,26,USA,Dhanbad,Marketing,142632,2020-06-04,17,4.97,eva67@subramanian.net,9633690910
393,Kavya Cherian,Male,23,UK,Tezpur,Finance,87419,2024-11-01,4,4.73,subramaniamdhanush@sandhu.com,02184177607
394,Aaron Rhodes,Other,56,Australia,New Adam,Operations,50564,2016-02-04,16,2.54,wgough@wallis.com,0113 4960598
395,Dr Kieran Mills,Male,24,Australia,Fionaton,Operations,225298,2019-03-10,17,3.85,gail83@gmail.com,+441184960647
396,Paul Morris,Male,54,USA,Robinsonport,Marketing,131988,2024-02-27,9,4.12,bankskatie@osborn.net.au,(07).5640.9871
397,Bhavin Thaman,Other,39,USA,Berhampur,Admin,174386,2024-11-17,5,3.78,ndar@hotmail.com,9730456152
398,Molly Edwards,Other,39,India,Rajasthan,Admin,140957,2025-07-06,20,2.94,carol34@thomas.com,01414960018
399,Stephen Brooks,Other,25,UK,Manningborough,Marketing,185376,2020-06-28,3,4.65,kylehoward@gmail.com,8413843976
400,Inaaya  Bumb,Other,47,India,Delhi,Admin,101357,2024-02-09,0,4.38,shamik27@batta.com,2697210356
401,Vedika Kurian,Male,21,UK,Mathura,IT,41918,2017-12-11,12,4.65,sibalalia@gmail.com,05441855428
402,Zara Sura,Male,50,USA,Baranagar,Operations,239365,2023-03-19,15,4.8,uviswanathan@agate.org,09211537650
403,Emir Bhalla,Other,44,India,Gujarat,IT,105965,2019-09-10,16,3.12,marora@keer.com,+918969014203
404,Saanvi Srinivasan,Female,58,USA,Rampur,Finance,172341,2018-10-22,18,4.88,anviranganathan@agarwal.com,+918809157971
405,Randy Fletcher,Other,57,Australia,Port Lisa,Sales,111510,2025-01-12,11,3.74,gregorygeorge@dixon.com,395.595.6193x533
406,Andrea Brown,Female,23,USA,Autumnville,Sales,245754,2020-12-22,19,4.21,jwatson@hotmail.com,(696)172-8844
407,Ishita Kannan,Male,25,USA,Mau,Marketing,106148,2018-12-08,19,3.92,kotafateh@sagar.com,05399289530
408,Ayesha Din,Male,34,Australia,Varanasi,Operations,74502,2022-06-01,16,3.64,bhattsara@hotmail.com,08622266152
409,Amanda Harris,Female,58,UK,Jeffreyport,Operations,232121,2018-05-08,5,3.28,kblankenship@gmail.com,001-164-323-1564x660
410,Armaan Tailor,Male,23,USA,Ahmedabad,Sales,129708,2017-01-15,2,3.97,masterkismat@gmail.com,07265825966
411,Mr Craig Spencer,Female,37,India,Maharashtra,HR,178272,2025-03-12,1,4.52,june45@outlook.com,+44114 496 0527
412,Rebecca Larson,Other,53,UK,Sueberg,Marketing,159928,2018-06-20,4,3.72,ucampbell@gray.com,766-067-4314x15644
413,Virginia Hensley,Other,21,USA,New Ryan,Sales,223338,2016-04-19,9,3.8,toddhowell@mitchell.com,001-192-447-2478
414,Zain Rau,Female,46,Australia,Hazaribagh,Marketing,63069,2017-11-09,1,3.49,baralnavya@gmail.com,+917982087701
415,Brianna Walsh,Female,55,India,Uttar Pradesh,Operations,243716,2024-02-18,5,3.65,tjones@hotmail.com,+1-780-108-2848
416,Mackenzie Bryant,Other,37,UK,West Danielport,Finance,61505,2024-02-12,9,3.37,marcus14@hotmail.com,001-124-597-7613x954
417,James Williams,Male,56,USA,South Tylerberg,IT,58249,2017-03-10,12,4.17,reesemargaret@andersen.net,(070)148-4254x8825
418,Neelofar Sundaram,Female,42,India,Gujarat,HR,232079,2016-12-26,12,3.33,isinha@dass.org,0920059163
419,Stuart Sharpe,Other,56,UK,East Ann,Admin,144516,2018-06-17,8,3.48,kayleighthorpe@gmail.com,(0151) 4960252
420,Lisa Walker,Male,46,USA,Lake Lisa,Sales,170027,2025-01-03,2,2.82,munozjodi@hotmail.com,241-569-1355x259
421,Paul Watts,Male,51,Australia,Danieltown,Operations,166904,2023-12-25,20,2.71,christopher50@yahoo.com.au,+61 8 2657 5907
422,Brandon Marshall,Other,38,USA,South Isabellaport,Finance,178302,2018-12-26,2,2.64,amandarowland@yahoo.com,222-381-1411
423,Anahita Rastogi,Female,33,USA,Secunderabad,Operations,236264,2024-05-08,9,4.21,jwali@bakshi-agate.com,06309197778
424,Samantha Thompson,Female,54,UK,South Joshua,Sales,196008,2021-02-12,13,2.56,marksmith@hotmail.com.au,+61883301448
425,Jennifer Jensen,Other,45,Australia,Kennethport,Marketing,82445,2022-04-02,4,3.29,sarahcurry@yahoo.com.au,(03)-2874-7161
426,Stephen Fitzgerald,Male,48,Australia,New James,Finance,101189,2018-08-07,5,3.38,twarren@mclean-west.biz,+61.447.455.626
427,Mitchell Taylor-Smith,Other,28,India,Maharashtra,Operations,195411,2025-03-26,2,4.43,murrayirene@outlook.com,+44(0)161 496 0382
428,Christopher Rowley,Male,60,India,West Bengal,Marketing,139284,2019-08-10,17,4.01,edavies@outlook.com,0131 4960356
429,Kabir Basu,Other,23,India,Rajasthan,Operations,192655,2022-12-13,11,4.55,ishetty@yahoo.com,07542005764
430,Kanav Thaman,Other,56,UK,Jodhpur,Finance,137861,2020-05-13,3,3.02,lallfarhan@bhattacharyya-mangat.biz,02533878072
431,Abram Jayaraman,Male,52,India,Delhi,Finance,153665,2019-02-02,10,4.06,devansh82@datta-sabharwal.info,05942965899
432,Jennifer Collins MD,Other,38,UK,South Courtney,Operations,235873,2025-08-09,15,4.89,xcosta@taylor.com,+1-524-976-3739
433,June Hall,Other,58,India,Uttar Pradesh,Finance,116607,2020-02-21,1,3.66,sianwilliams@yahoo.co.uk,+441614960000
434,Cynthia Roman,Female,56,UK,Tracychester,IT,241142,2022-12-14,19,2.55,maddoxkarla@garcia.net.au,0783911961
435,Rhea Singh,Female,46,Australia,Narasaraopet,Finance,48166,2016-08-02,0,4.08,shalv00@hotmail.com,07502303531
436,Aaryahi Ganguly,Male,58,India,Rajasthan,Sales,85858,2023-01-10,3,3.67,aliadara@ray.com,+919283651066
437,Brooke Harper,Female,57,Australia,West Elizabethborough,Sales,244045,2017-03-12,4,4.01,matthew82@hawkins.com,491-076-1692x268
438,Manjari Rao,Female,53,India,Tamil Nadu,Finance,172324,2019-03-24,11,3.47,psarma@bhavsar-bhandari.net,4389550229
439,Samantha Johnson,Female,51,USA,Lake Amychester,IT,234297,2017-08-01,4,3.56,lburton@hotmail.com.au,+61.7.7574.7427
440,Cody Thomas,Female,27,UK,East Tina,HR,113858,2016-04-07,13,4.82,caitlin06@sanchez-hansen.biz,+1-612-321-2311
441,Amy Dickerson,Female,35,Australia,Port Rachelside,Operations,76130,2023-08-26,9,2.78,gonzaleztaylor@gmail.com,+61.424.268.515
442,Guy Daly,Female,53,India,Karnataka,Finance,172858,2018-02-12,15,2.97,donald18@hotmail.co.uk,+44(0)114 496 0316
443,Amy Bennett,Female,50,Australia,Perezside,Finance,77857,2016-04-14,14,3.43,byrddarryl@cox.net,135.200.6782
444,Dr. Robert Ortiz MD,Female,57,USA,East Jose,Finance,209786,2017-09-05,13,4.05,bennettjennifer@gmail.com,267.498.0352
445,Theodore Ali,Female,35,Australia,Benjaminburgh,IT,179722,2015-11-16,19,2.69,thomasmichele@yahoo.com,494-972-5140x92763
446,Gavin Hobbs-Jones,Male,41,India,Delhi,Marketing,49307,2025-04-17,8,3.81,wthompson@hotmail.com,(020)74960018
447,Ishaan Samra,Male,31,Australia,Mango,IT,127937,2018-03-09,12,3.83,sandalmanjari@yahoo.com,0151811925
448,Mr Mohamed O'Neill,Female,46,India,Uttar Pradesh,Sales,244013,2019-03-21,9,4.76,lwilliams@richardson.co.uk,(0116) 4960983
449,Karl Taylor-Nicholls,Other,48,USA,Port Abbiemouth,HR,196866,2023-05-07,3,4.14,sandra19@davis-robinson.net,+44(0)1144960507
450,Joseph Hamilton,Male,26,India,West Bengal,Operations,183193,2022-09-22,8,3.13,changjanice@gmail.com,001-721-292-2368x28353
451,Ryan Lad,Other,22,India,Karnataka,Finance,48562,2024-09-15,5,2.51,qsunder@gmail.com,+916635987478
452,Diane Smith,Female,37,USA,New Emilyburgh,Marketing,94755,2025-03-30,13,4.66,adamsmichelle@henry.net,001-091-372-3202
453,Nishith Chand,Other,21,UK,Bhimavaram,IT,171133,2017-11-26,15,4.68,voraarnav@dutta.net,01701468965
454,Elizabeth Burton,Female,47,USA,South Christophershire,Marketing,224982,2021-10-14,2,3.15,williambryant@miller-adams.biz,+1-759-387-4698
455,David Suarez,Other,49,UK,Samuelside,Finance,135779,2023-09-10,7,3.35,brettsmith@hotmail.com,780.253.4727x922
456,Dr Trevor Allen,Male,24,Australia,Lisastad,Admin,44665,2016-12-16,4,3.28,storeymaureen@king-hawkins.info,+44808 1570400
457,Darren Miller,Other,32,Australia,Valeriemouth,IT,193009,2021-10-19,1,3.99,logan14@yahoo.com,001-919-565-6809
458,Janice Wilson,Male,32,India,Delhi,Finance,164615,2020-04-18,19,4.82,clare32@walton.biz,0306 999 0741
459,Lucy Lloyd,Female,53,India,Uttar Pradesh,Marketing,98841,2024-06-28,8,3.49,garryjackson@outlook.com,+44117 496 0804
460,Mrs Georgia Hughes,Female,27,Australia,Cameronton,HR,133611,2025-02-23,12,3.55,vanessa95@finch.com,+44(0)9098790458
461,Stephen Howard,Other,60,UK,Josephburgh,Admin,235240,2024-04-10,7,3.64,nicholas66@brown.biz,001-386-816-9950x0991
462,Kayleigh Patel,Female,45,India,Karnataka,Admin,243129,2020-07-28,5,4.36,joelfrost@gmail.com,(0113) 496 0174
463,Sumer Vaidya,Female,57,UK,Gopalpur,IT,167845,2016-04-21,3,4.68,indrajitbhakta@hotmail.com,06236495484
464,Indrans Ganguly,Male,39,India,Gujarat,HR,173510,2024-09-21,1,3.0,uthkarsh69@sarraf.com,7505947164
465,Olivia Browne,Female,22,Australia,Lisaton,HR,198376,2019-06-10,9,3.52,denisbrown@hotmail.co.uk,(0161)4960925
466,Yuvaan Tandon,Other,21,UK,Yamunanagar,Finance,156440,2017-10-24,3,4.76,bhasinjivika@dada.com,5081590822
467,Jessica Allison,Female,30,India,Tamil Nadu,Operations,49454,2024-09-17,3,4.95,jessicaallen@hotmail.com,(08) 2528 3577
468,Parinaaz Sastry,Female,38,India,Uttar Pradesh,IT,42676,2022-08-13,19,4.85,karandarshit@gmail.com,08891822944
469,David Case,Other,46,India,Rajasthan,Sales,230648,2023-12-12,17,3.13,williamslori@yahoo.com,(08)87332451
470,Steven Vazquez,Male,33,Australia,Josehaven,HR,90694,2016-09-07,20,2.91,madelinecook@hall-curtis.com,+1-546-396-8740x037
471,Crystal Fernandez,Male,42,Australia,South Julie,Marketing,241561,2016-05-18,4,3.28,jmoore@hotmail.com.au,29874285
472,Lee Allen-Burns,Male,42,India,Tamil Nadu,Sales,66367,2016-07-12,0,3.49,allenderek@hotmail.co.uk,+44191 496 0153
473,Amy Cox,Female,35,India,Maharashtra,HR,220485,2019-03-30,14,4.8,dmoore@hotmail.com,490.012.7878x5871
474,Kristen Compton,Female,31,India,Maharashtra,Sales,150242,2024-10-28,17,3.36,nicholas17@smith.org,+1-196-856-0957x66417
475,Hrishita Sha,Other,57,India,West Bengal,Operations,235563,2024-06-28,8,3.23,wadhwainaaya@mann-kota.com,+918056962515
476,Judy Stewart,Other,49,India,Uttar Pradesh,IT,200640,2022-12-01,5,2.91,nathanolsen@yahoo.com.au,0441 672 892
477,Saanvi Mane,Male,52,USA,Mahbubnagar,IT,138325,2023-04-13,1,3.48,gardekaira@warrior.com,05225775240
478,Karen Martinez,Male,52,USA,Connietown,HR,156501,2018-12-22,4,3.17,fperez@gmail.com,+1-532-184-2119
479,Dr Barry Johnston,Other,54,Australia,Louisland,Admin,113158,2019-04-24,13,3.79,waynebarton@french-fuller.com,+44(0)114 496 0594
480,Kismat Saha,Female,24,UK,Karimnagar,Marketing,200835,2022-10-30,6,4.66,shayaksolanki@singh.com,+913773905857
481,Paul Rodriguez,Female,21,India,Gujarat,Marketing,185679,2016-09-17,3,3.34,whitejustin@hotmail.com.au,03.6149.3113
482,Miss Jean Dyer,Female,40,India,Maharashtra,HR,151796,2024-06-02,5,2.79,emmayoung@brown-cunningham.org,+441134960870
483,Joel Johnson,Other,59,Australia,East Patrick,IT,93155,2020-10-21,11,3.87,jacksonbrandon@hotmail.com,(02)96837973
484,Tyler Drake,Other,41,Australia,St. Elizabethton,Finance,155379,2022-05-12,2,3.49,uhayes@gmail.com,07-2321-7630
485,Ashley Williams,Other,30,USA,Jamieshire,IT,173049,2025-04-24,10,3.12,bernard08@daniel.info,03.0996.4296
486,Nirvaan Bhardwaj,Female,41,Australia,Sasaram,Admin,203204,2019-12-09,1,2.52,prisha41@gmail.com,+917904616168
487,Patricia Rosario,Male,45,India,Delhi,Marketing,144916,2019-12-23,3,4.03,katiegreen@yahoo.com,175.496.2228x01247
488,Christopher Archer,Female,26,India,Karnataka,IT,103583,2016-04-04,11,2.6,vmercer@gmail.com,3909 6647
489,Dr Sam Jones,Female,40,India,Uttar Pradesh,Marketing,176470,2023-01-09,3,4.73,youngelaine@herbert.biz,+44(0)2074960286
490,Kayla Jimenez,Female,55,India,Uttar Pradesh,HR,124734,2023-08-02,11,4.33,mezasteven@roth.com.au,+61-2-0000-7682
491,Julia Macdonald,Other,22,USA,East Elaine,IT,242102,2025-09-29,18,4.28,vanessa19@rowe-howell.org,020 74960112
492,Colleen Ramsey,Female,41,UK,West Bridget,Admin,151934,2019-04-28,14,4.06,smallrichard@yahoo.com,001-630-693-4549
493,Nitara Gour,Male,56,Australia,Bhusawal,Marketing,127577,2016-10-02,9,3.04,ladreyansh@yahoo.com,01765368064
494,Khushi Ahuja,Female,42,India,West Bengal,Finance,196980,2023-08-14,9,2.83,vedika54@hotmail.com,1576074344
495,Farhan Din,Other,26,Australia,Panchkula,Operations,127273,2024-10-26,1,3.41,hrishitabava@hotmail.com,+917799758897
496,Jemma Richardson,Male,21,Australia,Lake Jasonland,Marketing,203208,2018-08-02,7,4.77,ybegum@wright-scott.com,01514960567
497,Luke Riley,Female,34,Australia,Amandastad,Admin,194276,2025-06-08,2,2.76,mark31@brown.net,001-591-379-3938
498,Mr Allan Brooks,Other,39,India,Rajasthan,Finance,115715,2015-12-07,0,3.49,glennstewart@smith.com,+441632960710
499,Tejas Mahal,Male,55,USA,Mau,Finance,113192,2020-09-10,9,2.79,vanyaswaminathan@hotmail.com,9110490518
500,Shannon Jones,Other,33,USA,Smithfort,Finance,143826,2017-03-05,4,2.6,gary10@gmail.com,(0121)4960266
501,Tricia Schneider,Male,40,USA,Reyesport,Admin,178651,2021-05-07,2,3.4,harrisanne@gmail.com,001-641-435-3324
502,Heer Salvi,Other,29,Australia,Jalandhar,IT,233324,2015-11-16,5,3.82,qdalia@hotmail.com,6190841559
503,Catherine Wong,Male,53,USA,Lake Mary,Operations,203480,2017-09-30,5,3.54,ksmith@gmail.com,9376921112
504,Mrs Holly Hughes,Other,59,USA,Geraldtown,Operations,214929,2019-07-20,5,2.76,gparry@price-duffy.com,+44113 4960490
505,Anna Norris,Other,44,USA,Penningtonfurt,Sales,116215,2016-07-27,17,4.35,starkbetty@hotmail.com.au,+61 447 081 945
506,Christina Soto PhD,Other,55,India,Uttar Pradesh,Finance,125270,2021-08-30,5,3.1,amanda17@turner.info,2351-6230
507,Dr. Michael Byrd,Other,39,USA,Wendyberg,Finance,124559,2017-02-22,13,4.65,onguyen@yahoo.com,0466-089-267
508,Adira Rajagopalan,Other,48,UK,Aligarh,Admin,166426,2024-10-27,14,4.79,lakshitshetty@yahoo.com,+919264568501
509,Lorraine Lee,Female,44,UK,Vanessamouth,HR,55545,2022-04-26,16,2.77,katiemitchell@hotmail.co.uk,+44292018369
510,Kate Booth,Male,46,UK,Hobbschester,HR,117232,2017-05-13,15,3.23,abigailwhite@ellis.com,+44(0)1154960749
511,Ms Leah Murray,Male,52,USA,Hallhaven,Operations,157464,2016-06-24,17,3.58,zrobertson@yahoo.co.uk,(0114)4960152
512,Saanvi Goyal,Other,34,USA,Jabalpur,Operations,160278,2022-06-29,8,2.63,emir13@hotmail.com,06987954141
513,Michelle Shaw,Male,26,Australia,East Brittany,Admin,81027,2019-07-18,10,4.35,johnsonsharon@rodriguez.com,900.682.9970x042
514,Roger Walls,Female,55,UK,New Christianstad,Admin,207615,2023-04-04,15,4.82,juanharmon@yahoo.com,540.403.7875
515,Maria Baker,Other,42,Australia,South Brian,Admin,91547,2016-06-25,20,3.51,stephanie64@yahoo.com.au,+61.492.204.223
516,Mary Morales,Male,21,India,Karnataka,Sales,67780,2018-07-24,12,3.92,erica97@cantrell.biz,0413-398-209
517,Kristy Andrade,Other,26,India,Uttar Pradesh,Operations,134252,2016-11-21,0,3.17,rsantiago@henson.net,02-1553-0464
518,Mrs. Victoria Crawford,Female,22,USA,St. Jenniferside,Admin,90205,2017-08-02,4,2.55,jessesoto@hotmail.com,7386-1632
519,Crystal Caldwell,Female,35,USA,Raymouth,Sales,86938,2017-03-08,16,3.98,stephen47@proctor.net,(534)533-6779x065
520,Dr Frank Thorpe,Other,33,India,West Bengal,Admin,170460,2023-10-23,16,3.59,tbrooks@hotmail.com,0131 496 0723
521,Lynn Mitchell,Female,21,UK,Carlberg,Operations,164547,2024-06-27,13,4.57,rspencer@harris-hall.com,(0306) 999 0801
522,William Ware,Male,42,India,Gujarat,Admin,240562,2025-07-08,6,4.0,lroberts@evans.org.au,+61303383319
523,Mallory Zimmerman,Other,33,UK,Lake Markstad,Marketing,241544,2020-05-09,12,4.04,kelseymartin@hays.edu,+61-405-083-594
524,Azad Bumb,Male,34,UK,Sambalpur,Sales,84421,2021-07-19,7,4.45,suhanasachar@gmail.com,+919272245192
525,Roberta Callahan,Other,32,USA,Lake Jennifer,Sales,238685,2019-08-16,0,4.27,sherry97@hotmail.com,(548)724-2430x522
526,Jeffery Johnson,Other,50,Australia,New Lindseyshire,Marketing,110875,2016-12-04,9,3.67,eric20@vazquez.com,(779)276-1741x85253
527,Cynthia Thomas,Female,51,India,Uttar Pradesh,Finance,110977,2019-09-18,3,3.95,robinsondakota@yahoo.com,+1-051-178-3603x29567
528,Joseph Lam,Female,52,India,Delhi,Operations,204738,2019-07-21,7,3.98,tblair@gmail.com,(08).3168.0246
529,Jessica Hill,Other,37,UK,North Joseph,IT,98814,2016-03-13,14,3.86,jillian05@gmail.com,+61381086492
530,Tina Perry,Male,21,India,Tamil Nadu,Admin,148424,2024-08-04,10,3.5,mitchellpatel@yahoo.com,+44(0)116 496 0028
531,Madison Flores,Male,52,India,Tamil Nadu,Finance,153945,2018-03-25,12,3.6,fsmith@morris.info,(235)306-3246x73293
532,Michael Willis,Male,51,USA,North Michael,HR,126805,2019-02-09,3,2.77,dalehall@day.net,+61-405-984-217
533,Andrea Hunt,Male,48,India,Karnataka,HR,117457,2021-02-23,20,3.38,rbrown@white.net,+44292018155
534,Dhanuk Tak,Other,46,Australia,Muzaffarpur,Sales,217070,2023-10-01,11,2.8,pranaybasak@gmail.com,02885716358
535,Fateh Batra,Male,41,India,Tamil Nadu,HR,42074,2023-07-18,1,4.78,kapurnirvaan@gmail.com,+913104777819
536,Dale Fletcher,Male,44,USA,Begumport,Operations,100089,2024-09-23,18,4.8,daviesvictor@gallagher-fox.com,+44(0)1414960930
537,Robert Fernandez,Female,31,Australia,South John,Operations,63355,2023-01-28,15,2.69,bradley99@hotmail.com.au,0404 462 064
538,Wayne Hammond,Male,53,Australia,North Ashleighmouth,HR,193453,2018-11-16,20,2.8,kschofield@yahoo.com,(0191)4960331
539,Christina Bonilla,Female,41,UK,Jonesview,IT,85145,2022-05-15,9,2.51,christie43@clark.org.au,03 9911 4983
540,Mr Benjamin Burns,Male,36,USA,Judithstad,Marketing,188600,2022-04-03,6,3.08,mitchell88@long-smith.biz,+44(0)20 74960214
541,Tarini Walia,Male,47,India,West Bengal,Finance,138332,2025-02-06,6,4.38,amane@garg.info,+919991544159
542,Christina Bolton,Female,44,USA,East Christina,Marketing,197294,2019-02-14,2,4.13,finleypriscilla@curry-schneider.com,+1-823-530-8320x3667
543,Jivika Tiwari,Female,47,USA,Hosur,IT,219243,2018-11-21,17,4.61,nsaha@khurana.info,1154843921
544,Indranil Uppal,Female,50,India,Maharashtra,IT,233997,2022-05-08,3,3.32,dhanuksandhu@kumar.com,+912384443483
545,Aaron Campbell,Male,33,USA,Port Andrewbury,Operations,146492,2024-04-18,5,3.07,jonesbenjamin@compton.com,(08).6796.4275
546,Harold Hess,Other,59,Australia,Nunezfort,IT,167931,2023-04-15,20,4.99,katherine74@perez-pierce.biz,0443 448 696
547,Ivana Deshmukh,Female,44,USA,Pali,Finance,40714,2019-09-21,1,4.63,duatrisha@yahoo.com,6074017422
548,Dominique Le,Male,42,Australia,Maryview,Admin,209808,2020-07-07,15,4.68,wilsonnatalie@gmail.com,066.854.2521x1255
549,Kyle Hamilton,Male,40,USA,West Stephanie,IT,108484,2018-04-05,12,3.49,joseph43@daugherty.org,02-5216-6813
550,Ishita Ghosh,Male,40,India,Karnataka,HR,214190,2022-08-18,6,4.72,piyasampath@yahoo.com,08322848206
551,Sabrina Lee,Other,60,India,Rajasthan,Sales,141858,2022-02-18,13,2.91,vincent99@lynch.com,001-278-326-0806x650
552,Stephen Miller,Female,55,India,Uttar Pradesh,Operations,104919,2022-06-26,3,3.33,john08@ellis.biz,6117530512
553,Kimberly Jones,Female,33,Australia,New Vickieburgh,IT,156104,2025-10-01,17,2.66,khart@thompson-conley.com,720.759.0248
554,Brent Gallagher,Female,37,Australia,New Teresafurt,Admin,151284,2020-01-06,20,2.64,ayalaalbert@blake-clark.biz,0427-563-208
555,Kyle French,Female,50,USA,Braystad,Marketing,248181,2019-02-24,3,3.44,francis62@lee.com,(0116) 496 0566
556,Gordon Robson,Female,55,India,Karnataka,HR,66087,2022-06-15,1,3.04,rebecca05@wilson.biz,+44116 496 0302
557,Melissa Macdonald,Female,31,Australia,Port Georgina,Finance,79628,2017-11-25,19,3.77,stonetrevor@gmail.com,(0121)4960656
558,Courtney Foster,Female,23,USA,Douglasport,Sales,147171,2021-10-04,13,3.59,rchang@gmail.com,(07)66834718
559,Leon Brookes,Female,54,Australia,West Jasminemouth,HR,203414,2017-04-03,9,3.28,davieselaine@hotmail.co.uk,(01632)960018
560,Saira Agrawal,Male,47,UK,Raurkela Industrial Township,Sales,56314,2021-07-01,0,2.58,sarrafkiaan@hotmail.com,04744240491
561,Travis Cook,Male,59,Australia,Cunninghamborough,IT,145667,2021-07-23,4,2.76,hdavis@henry-willis.com,001-145-949-2116x530
562,Sheri Stevenson,Other,24,UK,Danielleville,Sales,148848,2023-08-17,18,4.38,brittanyburch@woods.edu.au,3624 4246
563,Nishith Kade,Other,25,UK,Kollam,Admin,249191,2015-11-25,12,4.1,ltak@yahoo.com,01976947119
564,Alison Baker,Male,25,UK,South Stacey,Admin,98435,2025-07-08,5,3.81,simondavies@hotmail.co.uk,01314960399
565,Theresa Leonard,Other,35,USA,East Julia,HR,166201,2023-07-04,14,3.07,armstrongronald@hotmail.com,+61-7-8901-7664
566,Hollie Wilson,Other,46,UK,Geraldineburgh,Admin,228204,2018-01-10,0,2.61,colejonathan@taylor.com,(0113)4960627
567,Katie Foster,Other,57,USA,South Nicholasberg,Operations,67750,2024-04-30,0,4.62,fwalsh@hotmail.com,994.422.9553x39396
568,Dave Smith,Female,32,USA,Lake Dylan,HR,96234,2016-05-06,6,2.75,staffordryan@wallace-bowen.com,870-181-0398
569,Ms Nicola Smith,Female,54,UK,New Henry,HR,169619,2025-08-24,9,3.76,smithcharles@barrett-price.org,+44(0)306 9990440
570,Sana Chaudhuri,Female,56,India,Rajasthan,Operations,183027,2024-04-01,2,4.23,hsarma@chaudry.com,9002645035
571,Nirvi Ratta,Female,25,USA,Purnia,Operations,79145,2018-02-03,1,2.93,xchanda@chhabra.info,4046244426
572,Susan Watkins,Female,54,USA,North Michelleton,Finance,71092,2024-05-03,15,3.21,kelly97@lee.org,+1-466-442-2453x29809
573,Shawn Martinez,Female,29,Australia,Kimberlyhaven,Marketing,46345,2018-07-29,5,4.63,hamiltonrachel@adams.com,0399647346
574,Dr. Christopher Meyers MD,Male,51,Australia,Sherriport,HR,105037,2021-05-30,10,4.0,ashley64@hotmail.com,(03)16472620
575,Dennis Daniel,Female,60,Australia,Morristown,IT,208196,2021-09-23,5,4.18,maria54@faulkner-lewis.org,262.340.1156
576,Aniruddh Bedi,Female,35,UK,Bulandshahr,Operations,124012,2025-05-03,17,2.76,renee53@bhalla.org,07676285334
577,Alexis Schneider,Male,23,India,Karnataka,Operations,104994,2023-07-03,10,4.59,mpratt@green-cohen.com,2022987766
578,Jhanvi Varghese,Male,56,India,Tamil Nadu,IT,164879,2021-03-17,2,4.85,khushibanik@bir.biz,1681135613
579,Bruce Foster,Male,45,UK,Bartontown,Sales,212225,2018-11-16,20,3.47,rickycooper@davidson.com,+443069990599
580,Ms Jade Watkins,Other,27,Australia,Andreaview,Finance,93787,2016-06-17,4,3.48,hmoore@bond.com,(0113) 4960630
581,Brian Wilson,Male,55,UK,Kevintown,IT,116177,2020-12-25,6,4.22,alyssahall@mitchell-shea.com,001-143-332-4071x3950
582,John Kelley,Male,56,Australia,Patriciaville,Sales,177523,2016-07-17,10,4.98,iforbes@thomas.info,(08).6958.9072
583,Valerie Valentine,Male,26,Australia,Chrisside,Sales,124925,2017-01-09,0,3.0,miranda95@gmail.com,+61-3-6335-2797
584,Sarah Lewis,Male,22,Australia,Campbellside,Admin,60231,2015-11-03,12,4.79,gallagherwilliam@yahoo.com,+1-148-271-8458x14885
585,Autumn Harris,Female,25,UK,Williamsborough,Admin,107261,2020-06-03,0,3.4,jamessmith@hotmail.com,(07).6903.2058
586,Lakshit Bali,Female,49,UK,Barasat,Admin,119212,2023-09-09,12,2.68,farhan90@barad.com,0327165183
587,Amy Park,Other,25,UK,Brookeberg,Admin,164575,2016-11-28,16,4.39,thouse@gmail.com,+1-246-553-1345
588,Tracey Robinson,Male,50,Australia,Parryview,HR,81076,2020-03-23,7,3.98,gdixon@storey.com,+44808 157 0992
589,Shlok Badal,Female,51,Australia,Mathura,Operations,56388,2016-01-10,1,4.36,zsharma@ghose.com,7415005905
590,Kabir Dhawan,Male,35,UK,Katni,Admin,197825,2024-06-15,19,3.06,vedikachatterjee@karpe.biz,5132973585
591,Mamooty Rout,Male,46,UK,Indore,Operations,86701,2017-03-18,20,3.69,walipranay@sanghvi.com,06972955436
592,Thomas Armstrong,Male,34,India,Uttar Pradesh,IT,54830,2018-02-04,15,3.1,jennifer95@stewart.com,(186)706-3583x87829
593,Clayton Black,Female,38,India,Delhi,Operations,193755,2018-09-05,16,4.27,orobinson@hernandez-santana.com,(08)89569916
594,Shalv Khanna,Male,32,UK,Yamunanagar,Marketing,51871,2017-10-07,2,3.78,csethi@hotmail.com,00234279758
595,Kashvi Sane,Other,31,Australia,Jorhat,Admin,150618,2016-03-12,12,4.14,khoslaabram@mander-ravi.info,05698518637
596,Drishya Gokhale,Female,33,UK,Gudivada,Sales,249185,2021-08-28,0,3.86,msandhu@gmail.com,3096062908
597,James Myers,Female,41,India,Tamil Nadu,Operations,232642,2015-12-15,4,2.94,rchavez@huff.net,+1-827-558-5585x6030
598,Shelly Boone,Other,21,UK,Port Robertville,Sales,43446,2022-02-02,0,4.3,debra00@hotmail.com,(782)385-0922
599,Melody Solis,Male,58,UK,Port Alicetown,Finance,203109,2024-06-06,9,4.02,oanderson@hotmail.com,078.927.8193
600,Aaryahi Bhatti,Male,44,USA,Yamunanagar,Operations,106500,2024-03-13,6,4.96,samarmandal@gole-rama.com,04852211218
